"category","over_represented_pvalue","under_represented_pvalue","numDEInCat","numInCat","term","ontology","padj","GeneRatio"
"GO:0019814",2.66000777574598e-34,1,96,128,"immunoglobulin complex","CC",5.30405550483749e-31,0.0223985067662156
"GO:0071735",1.43280610781374e-07,1,11,11,"IgG immunoglobulin complex","CC",0.00014285076894903,0.0025664955669622
"GO:0032991",2.11583143169482e-05,0.999982181631537,1459,5420,"protein-containing complex","CC",0.0140632262493316,0.340410639290714
"GO:0071753",7.48970707739809e-05,0.999997480511073,8,9,"IgM immunoglobulin complex","CC",0.0343254230687812,0.00186654223051797
"GO:0042571",8.60717729909258e-05,0.999994785037867,9,11,"immunoglobulin complex, circulating","CC",0.0343254230687812,0.00209986000933271
"GO:0005576",0.000137499240763365,0.999883964225797,969,3573,"extracellular region","CC",0.0454554221661892,0.226084927671489
"GO:0098802",0.000159572695668668,0.999908287689819,84,237,"plasma membrane signaling receptor complex","CC",0.0454554221661892,0.0195986934204386
