"category","over_represented_pvalue","under_represented_pvalue","numDEInCat","numInCat","term","ontology","padj","GeneRatio"
"GO:0003823",1.5212642017632e-20,1,89,147,"antigen binding","MF",7.51048136410493e-17,0.0207652823145124
"GO:0034987",2.80899719716971e-06,0.999999765694253,14,18,"immunoglobulin receptor binding","MF",0.00568684799020861,0.00326644890340644
"GO:0001227",4.29841871496321e-06,0.999998038767958,98,261,"DNA-binding transcription repressor activity, RNA polymerase II-specific","MF",0.00568684799020861,0.0228651423238451
"GO:0001217",4.60753331189679e-06,0.999997877806126,101,271,"DNA-binding transcription repressor activity","MF",0.00568684799020861,0.0235650956602893
"GO:0051020",7.55368821706365e-06,0.999996033683844,114,314,"GTPase binding","MF",0.00745851174552865,0.026598226784881
"GO:0019899",1.58361979720568e-05,0.999987674942384,576,1991,"enzyme binding","MF",0.0130305515646741,0.134391040597294
"GO:0031267",7.13703484263056e-05,0.999958536396063,100,280,"small GTPase binding","MF",0.0447413284412515,0.0233317778814746
"GO:0005488",7.24996207271647e-05,0.999947633968149,3718,14700,"binding","MF",0.0447413284412515,0.867475501633224
